{"3,275": [533.1294969781025, [3, 275, 0, 0.0, -0.020948983302748164, -0.015239273933981121, 1.6929012675623655e-18, 4.163841857798579, -2.4039952174630432, -6.1264615147684935, 1.4568853340857493, -0.8411331398128258, -2.1357690002554777, -0.5271409679378001, 0.922593301906083, -0.30298261820151134, -0.05112619839895851, -0.5407533843147109, -0.6876800770621785, 0.9701208789618652, 0.2759817847882313], 4809.170471616537], "3,152": [547.5201724449983, [3, 152, 0, 0.0, -0.020948983302748164, -0.015239273933981121, 1.6929012675623655e-18, 4.163841857798579, -2.4039952174630432, -6.1264615147684935, 1.4568853340857493, -0.8411331398128258, -2.1357690002554777, -0.5272149686765721, 0.9225682628282829, -0.30299930072222125, -0.050962094555060844, -0.5153587123392964, -0.6550918961488633, 0.9701208789618652, 0.2759817847882313], 4766.981377239619], "3,225": [0.9774090237305536, [3, 225, 0, 0.0, -0.020948983302748164, -0.01523927393398112, 0.0, 4.163841857798579, -2.403995217463044, 6.1264615147684935, 1.4568853340857502, -0.8411331398128266, 2.135769000255479, -1.5385902760796049, 0.9904076484747226, -0.3230335104973373, 0.45034553509042813, 0.40251062098596413, 1.129151272960748, 0.9701208789613398, 0.06899544619705783], 5993.465459386895], "2,275": [441.07943820931735, [2, 275, 0, 0.0, -0.02112844288554658, -0.015550107049293098, 2.096628294718282e-18, 1.9376828149903225, -1.118721694838776, -7.1329537691730645, 0.7647173550223687, -0.4415097707761438, -2.7926487815712897, -0.546390449825875, 0.9557676349283223, -0.2785737948286033, -0.03557246052798167, -0.5942015602259662, -0.6930282533735906, 0.998621609222306, 0.2759817847882313], 5093.78497988819], "2,152": [454.18707116031203, [2, 152, 0, 0.0, -0.02112844288554658, -0.015550107049293098, 2.096628294718282e-18, 1.9376828149903225, -1.118721694838776, -7.1329537691730645, 0.7647173550223687, -0.4415097707761438, -2.7926487815712897, -0.5464618714652736, 0.9557434696162973, -0.27858662641273585, -0.03540366701002453, -0.5687922042804587, -0.6604466634561694, 0.998621609222306, 0.2759817847882313], 5051.598628311337], "2,225": [0.986009127343884, [2, 225, 0, 0.0, -0.030106301376383447, 2.1989411328002517e-18, 0.0, -2.740077885442015e-16, -2.2374433896775496, 7.1329537691730645, -1.0813870551465705e-16, -0.8830195415522862, 2.792648781571288, 0.4224282550405108, 2.3119249874721244, -0.39765691035205686, -0.7782170662449338, -0.7433495101787031, -0.23993790825123906, 0.3675558829417246, 0.2759817847882313], 6564.188964665537], "4,225": [0.9860822990142317, [4, 225, 0, 0.0, -0.029891946758094944, 2.1726902630833052e-18, 0.0, -3.531425285455294e-16, -2.8836275797348336, 7.0579128385132055, -1.3236522461627958e-16, -1.0808440826239643, 2.629277240992973, 0.4368318679309682, 2.332196803275449, -0.38635106487864773, -0.8013479115407601, -0.7587783635474952, -0.277695949357947, 0.3641902082453085, 0.2759817847882313], 6533.094418471031], "4,152": [487.17478568837817, [4, 152, 0, 0.0, -0.02102126557640233, -0.01536447050443674, 2.009522968960925e-18, 2.4972947391038023, -1.4418137898674181, -7.0579128385132055, 0.9360384330824398, -0.5404220413119827, -2.629277240992973, -0.5494087164401283, 0.9454465166950282, -0.27912304847086256, -0.035169601696968825, -0.5542237565054804, -0.6622514008249506, 0.9918299068225013, 0.2759817847882313], 4947.941637153266], "9,225": [0.9775096433224693, [9, 225, 0, 0.0, -0.02123150364091597, -0.01572861351385929, 0.0, 4.395872411346238, -2.537958120014003, 5.553883070767315, 1.6469221522548685, -0.9508509479387072, 2.073354550589727, -1.459803148416551, 1.0084872814932424, -0.26763391245632057, 0.3853503531088838, 0.4050856901453153, 1.097599119656446, 0.9654926832010826, 0.06899544619705783], 5975.222905675128], "4,275": [473.6072175972057, [4, 275, 0, 0.0, -0.02102126557640233, -0.01536447050443674, 2.009522968960925e-18, 2.4972947391038023, -1.4418137898674181, -7.0579128385132055, 0.9360384330824398, -0.5404220413119827, -2.629277240992973, -0.549337018923014, 0.945470702477488, -0.27910962957085106, -0.035337390588679025, -0.5796289688997217, -0.6948345673353381, 0.9918299068225013, 0.2759817847882313], 4990.149240185206], "9,275": [559.6820123121197, [9, 275, 0, 0.0, -0.02123150364091597, -0.01572861351385929, 0.0, 4.395872411346238, -2.537958120014003, 5.553883070767315, 1.6469221522548685, -0.9508509479387072, 2.073354550589727, -0.4208354584307639, 1.084873878453501, 0.28487201409131985, 0.18918578640146289, -0.22997663774289215, 0.5357262830941484, 0.9654926832010826, 0.2759817847882313], 4731.776003793702], "9,152": [574.2061740773452, [9, 152, 0, 0.0, -0.02123150364091597, -0.01572861351385929, 0.0, 4.395872411346238, -2.537958120014003, 5.553883070767315, 1.6469221522548685, -0.9508509479387072, 2.073354550589727, -0.420430545618557, 1.0749226603965718, 0.2898874562991392, 0.1846092380741139, -0.23711869924446355, 0.496417948264395, 0.9654926832010826, 0.2759817847882313], 4690.257931077689], "5,225": [0.9857896183172103, [5, 225, 0, 0.0, -0.02941829816058386, 3.568960821022895e-20, 2.1143838504088167e-18, -9.68098511842694e-16, -0.11615224396086213, -7.90428973828818, -3.3230682643829296e-16, -0.045795678604534165, -2.713104685531051, 0.3507026403336029, 2.2371833578206637, 0.40483718721630774, -0.6881260749401625, -0.6993939528103537, 0.16937745283484765, 0.37765263176814856, 0.2759817847882313], 6149.187561759652], "5,152": [509.78410181263496, [5, 152, 0, 3.141592653589793, -0.020784441277646788, -0.014954278786525266, 2.1143838504088167e-18, 0.10059079397667377, -0.05807612198043192, -7.90428973828818, -0.03966022105507393, 0.02289783930226739, -2.7131046855310528, -0.5209629810938606, 0.999084399370591, -0.28506733319550265, -0.025567569758135154, -0.6118291087895277, -0.649084760668222, 1.0197270855987615, 0.2759817847882313], 4878.878242663243], "7,225": [0.9858325153299957, [7, 225, 0, 0.0, -0.02980729130281297, 2.162322959849162e-18, 0.0, -7.613800318970976e-17, -0.6217139769827512, 7.694138034198964, -2.817981827701728e-17, -0.23010567860575934, 2.7690741822438136, 0.37031350022723186, 2.2545005982984305, -0.40777626898178315, -0.709355690272235, -0.7079187477147426, -0.17638094949360422, 0.37567949940971856, 0.2759817847882313], 6259.117554591683], "7,152": [515.3922256793699, [7, 152, 0, 3.141592653589793, -0.0033222309406580764, 0.015291156729593613, 0.0, -0.5384200979549164, 0.31085698849137566, 7.694138034198964, 0.199277363227645, -0.11505283930287971, 2.7690741822438136, 0.19328229495301952, 1.3161568518712292, 0.0073999191497836365, -0.4357881244812477, -0.4617439368807384, 0.09960387173141538, 4.312868404144766, 0.2759817847882313], 4861.986792915286], "7,275": [512.9146154847513, [7, 275, 0, 3.141592653589793, -0.0033222309406580764, 0.015291156729593613, 0.0, -0.5384200979549164, 0.31085698849137566, 7.694138034198964, 0.199277363227645, -0.11505283930287971, 2.7690741822438136, 0.19468573615839255, 1.3135687028872656, 0.011465471475089768, -0.4287611674357962, -0.475869403691749, 0.12326602994017366, 4.312868404144766, 0.2759817847882313], 4869.437724919882], "5,275": [502.1197377794358, [5, 275, 0, 3.141592653589793, -0.0035167275117726285, 0.014954278786525265, 2.1143838504088167e-18, -0.10059079397667374, 0.05807612198043195, -7.90428973828818, 0.03966022105507392, -0.022897839302267405, -2.7131046855310528, -0.42539868573808104, 1.1713491518932095, -0.0604623282005445, 0.8202248027839335, -0.11132788202185175, 0.05619621123289627, 4.162061610779325, 0.2759817847882313], 4902.1153500962155], "10,152": [530.2320543668718, [10, 152, 0, 0.0, -0.022231967324852806, -0.017461467445565423, -4.269729904907932e-18, 2.943182541338631, -1.6992472325160692, 6.058976261683436, 1.2155023145885981, -0.7017705885283418, 2.487532998990291, -0.38759587492922143, 1.094057480066809, 0.3352616088428062, 0.11003056071835338, -0.32051610056557783, 0.5476706860433139, 0.9867644498040796, 0.2759817847882313], 4817.735934842362],