{"idE": 51, "idL": 234, "idD": 51, "baseline": 493.9, "wsb_mass": 850.6809771250001, "row": [51.0, 234.0, 51.0, 5.659328229772839, -0.029602505838402023, 1.788800117715398e-18, 1.1469286579244156e-18, -9.181018477532736e-16, -6.30577745980587, -4.0542780136034455, -3.811798414095437e-16, -2.620189234795774, -1.679992131491154, -0.010156354799062057, -0.18376906030656384, -0.024435405704257597, 0.30366906978205405, 0.4592699009811155, -0.23329833442536155, 9.199392826274376, 10.40559613171358]}