{"idE": 70, "idL": 154, "idD": 68, "baseline": 626.5, "wsb_mass": 679.11699, "row": [70.0, 154.0, 68.0, 2.8296641148864197, -0.03127362087841198, 0.005106348034639994, 0.005461201131794609, -2.5892997297186637, -4.252543027338285, -4.568514990388421, -1.1589850592866184, -1.9082583827889579, -2.04086810557133, -0.03589999118494515, 0.01012739034316804, -0.08656070849728163, -1.0601549214876727, 0.05123516839825179, 0.4786915365051955, 11.786722058664045, 12.469345754476185]}