{"idE": 254, "idL": 272, "idD": 196, "baseline": 354.0, "wsb_mass": 704.7031956249999, "row": [254.0, 272.0, 196.0, 4.527462583818272, 0.0009434204146217991, 0.013370578726865815, 0.0029505036870732383, -5.156509212668195, 5.032866517318146, 1.1134989314597183, -2.040186230370045, 1.991284051395199, 0.439419344193854, -0.03193580501943968, 0.038297853959541286, -0.045201450121381645, 0.07674616850462035, 1.1727069815833497, 0.19078296478697981, 9.486873852095451, 11.785294236235801]}