{"idE": 61, "idL": 173, "idD": 59, "baseline": 589.4, "wsb_mass": 575.48332, "row": [61.0, 173.0, 59.0, 0.0, 0.00022661600809840803, -0.01232760412263113, -0.0023525037123205135, 5.306374775477751, 5.211797600413242, 0.9969407267198936, 2.1584821137017163, 2.1201201085554833, 0.4045871668433836, -0.06471761948150792, 0.07280029530040882, -0.002292269870455663, 0.9252348291883703, 0.9666236008958464, 0.3998840016733814, 11.211760007021896, 10.455713657215052]}