{"idE": 343, "idL": 207, "idD": 268, "baseline": 198.2, "wsb_mass": 1150.6785686005742, "row": [343.0, 207.0, 268.0, 0.0, 0.00022228894642871248, -0.01300835114115853, -0.0008160074303228891, 5.304905922240633, 5.291610255204162, 0.33271623714908005, 2.089110527904337, 2.083637761731826, 0.1307055657726577, -0.000862992412305302, -0.0013094983065097552, 0.0029011637466830526, 0.22811213600436825, 0.21629492561227037, -0.14576078370654308, 11.26925621218611, 11.556890561220957]}