{"idE": 356, "idL": 285, "idD": 270, "baseline": 450.9, "wsb_mass": 1055.3700651580502, "row": [356.0, 285.0, 270.0, 0.0, 0.00020077739638625636, -0.012624587433107713, -0.003060177375670299, 5.310033232049012, 5.1573011679918075, 1.2531145113091469, 2.093874138626269, 2.0336835665399757, 0.4929612529972503, -0.01752899132572476, 0.03896559979420528, 0.005855731359057241, 0.3042432221472415, 0.32016406657354846, -0.1805584780530381, 11.441744827678756, 10.981717690159874]}