{"idE": 92, "idL": 295, "idD": 87, "baseline": 422.1, "wsb_mass": 808.2451341519316, "row": [92.0, 295.0, 87.0, 0.565932822977284, -0.012178811454216938, -0.01567585446901517, -0.0092505071703216, 7.360697392907633, 2.8227059506060262e-05, -6.886467193523308e-16, 3.031148761311584, -4.797441492456626e-16, -2.8298332803162693e-16, 0.08589713399176022, -0.06580649527369886, -0.03424503662860509, 0.25308326598688624, 0.813150000079471, -0.00014817490676733038, 9.774354877916524, 10.464357253391407]}