{"idE": 63, "idL": 247, "idD": 61, "baseline": 484.4, "wsb_mass": 610.835736, "row": [63.0, 247.0, 61.0, 6.225261052750124, -0.028580882262114367, 0.005798678038932899, 0.003391388982659198, -2.836905212501304, -5.907234845122949, -3.4644883830447624, -1.1885922376340068, -2.4768047177658774, -1.4485729636362594, -0.06377833311384518, -0.07680264945687784, -0.02348606450998611, 1.0919695410678028, 0.4723459393198571, 0.11528312605619434, 9.889347288244954, 10.111512624999483]}