{"idE": 138, "idL": 199, "idD": 117, "baseline": 302.1, "wsb_mass": 963.9665596666667, "row": [138.0, 199.0, 117.0, 3.395596937863704, 0.0004506816231485706, -0.013316564160943697, -0.0033912090813288907, 5.252867263925793, 5.081556458476359, 1.2972831226010682, 2.009303915022228, 1.9436676336620975, 0.4949762754638983, 0.00526352882943526, 0.0030046035842797476, 0.04525852558571346, 0.7628473019569108, 0.017901939587435408, 0.0030545761223148113, 11.326752417350326, 12.121627871044735]}