{"idE": 315, "idL": 224, "idD": 248, "baseline": 534.2, "wsb_mass": 598.188215625, "row": [315.0, 224.0, 248.0, 1.131865645954568, -0.025581053765965193, -0.012965801700023014, -0.0034357123126439763, 5.093045021224477, -4.92223679459595, -1.3078661221462171, 2.095431654576087, -2.025525166327043, -0.5367289979074494, 0.04008546571490214, -0.0012460076291940401, 0.023167760125763458, 0.3222367393616903, 1.3776833775938089, -0.3002983845076282, 8.451942159139584, 10.057667428863194]}