{"idE": 109, "idL": 183, "idD": 100, "baseline": 453.9, "wsb_mass": 1000.0228725000001, "row": [109.0, 183.0, 100.0, 3.395596937863704, 5.788732051789647e-05, -0.012730193346436646, -0.0017917506675469421, 5.340898746072277, 5.285724835928089, 0.7456741058254384, 2.1040935749764142, 2.082203970317786, 0.29306627576321026, 0.0050349141257594035, -0.005034240709734893, 0.008659272880596298, 0.46261801786768647, 0.2824506046764309, -0.22934350341837528, 11.26925621218611, 11.55256876313278]}