{"idE": 313, "idL": 187, "idD": 245, "baseline": 325.0, "wsb_mass": 1083.3902329138468, "row": [313.0, 187.0, 245.0, 1.697798468931852, -5.866852135772739e-05, 0.012789957462885906, 0.0016092853415162092, -5.365581173049323, 5.3189226895396775, 0.6707703043419055, -2.0921584760972496, 2.0737370334372813, 0.2609261695946967, 0.09815299472617726, 0.021539360190360936, -0.0025521112679889966, 0.2492058033148977, 0.19563192204853272, 0.19016038183902137, 11.671729648335615, 12.821596255414748]}