{"idE": 303, "idL": 251, "idD": 237, "baseline": 498.7, "wsb_mass": 912.7186408271796, "row": [303.0, 251.0, 237.0, 0.0, 0.0003279271343108788, -0.01271166285611911, -0.0025031247612332086, 5.283534189513396, 5.182182041113683, 1.0229097170605055, 2.106197257204021, 2.065799079774034, 0.4067880722486264, -0.06571135855761256, 0.0741931961847373, -0.0003380510828982933, 0.40866222653729034, 0.4576316134913594, 0.315840980394476, 11.26925621218611, 10.520166903204139]}