{"idE": 172, "idL": 219, "idD": 142, "baseline": 600.9, "wsb_mass": 642.8118960000002, "row": [172.0, 219.0, 142.0, 0.0, 0.0016859097276088301, -0.013990577638814077, -0.003197271488517525, 5.015692803286037, 4.887831597801465, 1.1201798839960158, 2.0019382533002203, 1.9509850054217432, 0.44585926995998576, 0.07278889276548542, -0.005188077022984626, 0.12930924788848264, 0.45193162324128894, -0.07259170311587426, 0.95025201272688, 11.84421826382826, 12.344665233577583]}