{"idE": 162, "idL": 194, "idD": 133, "baseline": 332.7, "wsb_mass": 706.1408610033704, "row": [162.0, 194.0, 133.0, 2.8296641148864197, 0.00029811772179080126, -0.009526912232660468, -0.008152015570829594, 5.293972863315945, 4.0171220749337495, 3.4480346744099433, 2.1645817845044255, 1.64463766805233, 1.407288274617748, -0.00960583591036556, 0.031383149746751104, 0.04145647115389045, 0.39140973601436385, 1.0491237439486205, 0.10249353862413384, 9.486873852095451, 10.75225991805035]}