{"idE": 379, "idL": 156, "idD": 284, "baseline": 521.8, "wsb_mass": 1027.1468838281255, "row": [379.0, 156.0, 284.0, 3.395596937863704, -0.025631586708795197, 0.013162702533999609, 0.0025689372776275814, -5.083253152420465, -4.988526050122121, -0.9762313131948358, -2.1028893364472987, -2.0639342610114118, -0.4028137571284802, 0.055417427842599586, 0.09166155963379262, -0.08387879170148671, 0.28235698193552866, -0.02596716909842197, -0.31679024630486574, 12.591668930963053, 14.538567099430253]}