{"idE": 397, "idL": 217, "idD": 296, "baseline": 547.9, "wsb_mass": 836.3918352157032, "row": [397.0, 217.0, 296.0, 0.565932822977284, -0.012251288037892239, -0.018481450308803528, -0.004148238737961285, 7.212416643550485, 0.00010070364318123283, -2.9089935101286745e-16, 2.9704067050715657, -5.323221445895217e-16, -1.1949959348526858e-16, -0.0007570900328475181, -0.0062424231238229055, -0.006587515950049456, 0.2208375434262266, 0.852089293240369, 0.3660223886484555, 9.429377646931236, 10.23426702302508]}