{"idE": 237, "idL": 259, "idD": 184, "baseline": 194.6, "wsb_mass": 986.1300000000001, "row": [237.0, 259.0, 184.0, 6.225261052750124, -0.004470165438782009, -0.018351555712748505, -0.005188904202794551, 6.406962622784268, 2.5532205456822035, 0.7240950024264313, 2.613305402542742, 1.041570285957785, 0.2945041019360438, -0.09546124489466767, 0.04485648778281452, 0.11755494162494326, 0.11149068242132874, -0.14126612134523026, -0.5996799817769825, 10.349316929558674, 25.298330272254532]}