{"idE": 194, "idL": 213, "idD": 158, "baseline": 584.8, "wsb_mass": 728.6477600000001, "row": [194.0, 213.0, 158.0, 3.395596937863704, -0.006053728181957797, -0.014132989830212557, -0.010443082171371472, 6.809812109144766, 2.262713950264032, 1.6764589777516516, 2.690053009526433, 0.8943831243492459, 0.6608733588911562, 0.04396879597842762, -0.012202610428423692, -0.0244523050648649, 0.18758485247288575, 0.9400608389810625, 0.5814684576959198, 9.946843493409169, 10.520272312913605]}