{"idE": 372, "idL": 241, "idD": 280, "baseline": 264.8, "wsb_mass": 994.2772126723555, "row": [372.0, 241.0, 280.0, 1.697798468931852, -2.4963643688867207e-05, 0.012858266022023782, 0.0011718747175201501, -5.358137251963095, 5.3315977878164365, 0.48701546143118213, -2.091301943437872, 2.0806830153013984, 0.18962897614880211, 0.10132980469059606, 0.026562983215505993, -0.002000816090897113, 0.1504339781438007, 0.4067211049849022, 0.3202236728556515, 11.671729648335615, 12.993069104616156]}