{"6,227": [120.02278309006567, [6, 227, 0, 0.0, 0.005610444357571047, 0.0, 0.0, 0.0, 6.938627009043138, 2.8144792424789573, 3.641407184494445, 2.863275187630496, -2.675855320849673, 0.0, 0.0, 0.0, 0.5931992567205749, 0.6037286575812912, 0.2107824933205087, 2.5298330272254534, 0.0], 6366.407521190896], "6,225": [0.9450000000000001, [6, 225, 0, 0.0, 0.005610444357571047, 0.0, 0.0, 0.0, 6.938627009043138, 2.8144792424789573, 3.650485422461069, 2.8605498450207008, -2.701943146669113, 0.0, 0.0, 0.0, -0.36393326441487883, 1.227237257591227, -0.019961634014992406, 2.5298330272254534, 0.0], 6802.089385240119], "6,217": [0.9450000000000001, [6, 217, 0, 0.0, 0.005610444357571047, 0.0, 0.0, 0.0, 6.938627009043138, 2.8144792424789573, 3.653146868200421, 2.859296762450038, -2.680384742470479, 0.0, 0.0, 0.0, -0.3567660895133337, 1.2664515769497247, -0.004915163177443199, 2.5298330272254534, 0.0], 6828.5507448512735], "11,227": [42.667427595476966, [11, 227, 0, 0.0, 0.005319962109051191, 0.0, 0.0, 0.0, 6.916346265490155, 3.4171505034167704, 3.6687870145985584, 2.9694474154535295, -3.2774675211271402, 0.0, 0.0, 0.0, 0.5932733373831566, 0.6045437035135214, 0.21055788209085444, 2.5298330272254534, 0.0], 6772.83162168797], "11,225": [0.9450000000000001, [11, 225, 0, 0.0, 0.005319962109051191, 0.0, 0.0, 0.0, 6.916346265490155, 3.4171505034167704, 3.670182160425875, 2.9686793423623965, -3.260764472352463, 0.0, 0.0, 0.0, 0.6381869256781325, 0.6004272625092151, 0.23512976201819064, 2.5298330272254534, 0.0], 6798.844384989655], "11,217": [0.9450000000000001, [11, 217, 0, 0.0, 0.005319962109051191, 0.0, 0.0, 0.0, 6.916346265490155, 3.4171505034167704, 3.6737019799818325, 2.966859757291403, -3.2305311167445727, 0.0, 0.0, 0.0, 0.4561180888867438, 0.8397592494895375, -0.3295219728081417, 2.5298330272254534, 0.0], 6888.685224571868]}